﻿<parameters>
  <parameter name="IIS Web Application Name" defaultValue="me.nutrition" tags="IisApp">
    <parameterEntry kind="ProviderPath" scope="IisApp" match="^E:\\@Workspace\\Maiz\\C\#\\WebApi\.Jwt-master\\WebApi\.Jwt\\obj\\Release\\Package\\PackageTmp$" />
    <parameterEntry kind="ProviderPath" scope="setAcl" match="^E:\\@Workspace\\Maiz\\C\#\\WebApi\.Jwt-master\\WebApi\.Jwt\\obj\\Release\\Package\\PackageTmp$" />
  </parameter>
  <parameter name="EasyTestConnectionString-Web.config Connection String" defaultValue="Integrated Security=SSPI;Pooling=false;Data Source=(localdb)\mssqllocaldb;Initial Catalog=nutritionEasyTest">
    <parameterEntry kind="XmlFile" scope="E:\\@Workspace\\Maiz\\C\#\\WebApi\.Jwt-master\\WebApi\.Jwt\\obj\\Release\\Package\\PackageTmp\\Web\.config$" match="/configuration/connectionStrings/add[@name='EasyTestConnectionString']/@connectionString" />
  </parameter>
  <parameter name="scc-Web.config Connection String" defaultValue="Data Source=192.168.200.97;Initial Catalog=Nutrition_DB;User ID=sa;Password=P@ssw0rd">
    <parameterEntry kind="XmlFile" scope="E:\\@Workspace\\Maiz\\C\#\\WebApi\.Jwt-master\\WebApi\.Jwt\\obj\\Release\\Package\\PackageTmp\\Web\.config$" match="/configuration/connectionStrings/add[@name='scc']/@connectionString" />
  </parameter>
  <parameter name="mais-Web.config Connection String" description="mais Connection String used in web.config by the application to access the database." defaultValue="Data Source=localhost\SQL2016;Initial Catalog=NutritionDB;User ID=sa;Password=P@ssw0rd" tags="SqlConnectionString">
    <parameterEntry kind="XmlFile" scope="E:\\@Workspace\\Maiz\\C\#\\WebApi\.Jwt-master\\WebApi\.Jwt\\obj\\Release\\Package\\PackageTmp\\Web\.config$" match="/configuration/connectionStrings/add[@name='mais']/@connectionString" />
  </parameter>
</parameters>